dataset,task_type,model,seed,features,val_score,test_score
adult,original,LGBModel,0,"[['age', 'fnlwgt', 'education-num', 'capitalgain', 'capitalloss', 'hoursperweek', 'workclass', 'education', 'marital-status', 'occupation', 'relationship', 'race', 'sex', 'native-country', 'AG_normal_noise_1']]",[0.8523],[0.8627]
adult,original,BaggedLGBModel,0,"[['age', 'fnlwgt', 'education-num', 'capitalgain', 'capitalloss', 'hoursperweek', 'workclass', 'education', 'marital-status', 'occupation', 'relationship', 'race', 'sex', 'native-country', 'AG_normal_noise_1'], ['age', 'fnlwgt', 'education-num', 'capitalgain', 'capitalloss', 'hoursperweek', 'workclass', 'education', 'marital-status', 'occupation', 'relationship', 'sex', 'native-country', 'AG_normal_noise_1']]","[0.8589, 0.8582]","[0.8624, 0.8633]"
adult,original,LGBModel,1,"[['age', 'fnlwgt', 'education-num', 'capitalgain', 'capitalloss', 'hoursperweek', 'workclass', 'education', 'marital-status', 'occupation', 'relationship', 'race', 'sex', 'native-country', 'AG_normal_noise_1']]",[0.8504],[0.8625]
adult,original,BaggedLGBModel,1,"[['age', 'fnlwgt', 'education-num', 'capitalgain', 'capitalloss', 'hoursperweek', 'workclass', 'education', 'marital-status', 'occupation', 'relationship', 'race', 'sex', 'native-country', 'AG_normal_noise_1'], ['age', 'fnlwgt', 'education-num', 'capitalgain', 'capitalloss', 'hoursperweek', 'workclass', 'education', 'marital-status', 'occupation', 'relationship', 'sex', 'native-country', 'AG_normal_noise_1'], ['age', 'fnlwgt', 'education-num', 'capitalgain', 'capitalloss', 'hoursperweek', 'workclass', 'marital-status', 'occupation', 'relationship', 'race', 'sex', 'native-country', 'AG_normal_noise_1'], ['age', 'fnlwgt', 'education-num', 'capitalgain', 'capitalloss', 'hoursperweek', 'workclass', 'marital-status', 'occupation', 'relationship', 'race', 'native-country', 'AG_normal_noise_1']]","[0.8585, 0.8581, 0.8586, 0.858]","[0.8629, 0.8631, 0.8625, 0.862]"
adult,original,LGBModel,2,"[['age', 'fnlwgt', 'education-num', 'capitalgain', 'capitalloss', 'hoursperweek', 'workclass', 'education', 'marital-status', 'occupation', 'relationship', 'race', 'sex', 'native-country', 'AG_normal_noise_1'], ['age', 'fnlwgt', 'education-num', 'capitalgain', 'capitalloss', 'hoursperweek', 'workclass', 'education', 'marital-status', 'occupation', 'relationship', 'race', 'native-country', 'AG_normal_noise_1']]","[0.8577, 0.8585]","[0.8609, 0.861]"
adult,original,BaggedLGBModel,2,"[['age', 'fnlwgt', 'education-num', 'capitalgain', 'capitalloss', 'hoursperweek', 'workclass', 'education', 'marital-status', 'occupation', 'relationship', 'race', 'sex', 'native-country', 'AG_normal_noise_1'], ['age', 'fnlwgt', 'education-num', 'capitalgain', 'capitalloss', 'hoursperweek', 'workclass', 'education', 'marital-status', 'occupation', 'relationship', 'sex', 'native-country', 'AG_normal_noise_1'], ['age', 'fnlwgt', 'education-num', 'capitalgain', 'capitalloss', 'hoursperweek', 'workclass', 'education', 'marital-status', 'occupation', 'relationship', 'race', 'native-country', 'AG_normal_noise_1'], ['age', 'fnlwgt', 'education-num', 'capitalgain', 'capitalloss', 'hoursperweek', 'workclass', 'education', 'marital-status', 'occupation', 'relationship', 'native-country', 'AG_normal_noise_1']]","[0.8586, 0.8581, 0.859, 0.8587]","[0.8632, 0.8626, 0.8619, 0.8625]"
adult,normal_easy,LGBModel,0,"[['noise_1', 'noise_2', 'noise_3', 'age', 'fnlwgt', 'education-num', 'capitalgain', 'capitalloss', 'hoursperweek', 'workclass', 'education', 'marital-status', 'occupation', 'relationship', 'race', 'sex', 'native-country', 'AG_normal_noise_1'], ['noise_1', 'noise_2', 'age', 'fnlwgt', 'education-num', 'capitalgain', 'capitalloss', 'hoursperweek', 'workclass', 'education', 'marital-status', 'occupation', 'relationship', 'race', 'sex', 'native-country', 'AG_normal_noise_1'], ['noise_1', 'noise_2', 'age', 'fnlwgt', 'education-num', 'capitalgain', 'capitalloss', 'hoursperweek', 'workclass', 'education', 'marital-status', 'occupation', 'relationship', 'sex', 'native-country', 'AG_normal_noise_1'], ['noise_1', 'noise_2', 'age', 'fnlwgt', 'education-num', 'capitalgain', 'capitalloss', 'hoursperweek', 'workclass', 'education', 'marital-status', 'occupation', 'relationship', 'sex', 'AG_normal_noise_1'], ['noise_1', 'noise_2', 'age', 'fnlwgt', 'education-num', 'capitalgain', 'capitalloss', 'hoursperweek', 'workclass', 'education', 'marital-status', 'occupation', 'relationship', 'AG_normal_noise_1'], ['noise_1', 'age', 'fnlwgt', 'education-num', 'capitalgain', 'capitalloss', 'hoursperweek', 'workclass', 'education', 'marital-status', 'occupation', 'relationship', 'sex', 'AG_normal_noise_1']]","[0.8514, 0.8522, 0.8526, 0.8546, 0.8528, 0.8539]","[0.8626, 0.8628, 0.8607, 0.8641, 0.8611, 0.8623]"
adult,normal_easy,BaggedLGBModel,0,"[['noise_1', 'noise_2', 'noise_3', 'age', 'fnlwgt', 'education-num', 'capitalgain', 'capitalloss', 'hoursperweek', 'workclass', 'education', 'marital-status', 'occupation', 'relationship', 'race', 'sex', 'native-country', 'AG_normal_noise_1'], ['noise_1', 'noise_2', 'noise_3', 'age', 'fnlwgt', 'education-num', 'capitalgain', 'capitalloss', 'hoursperweek', 'workclass', 'education', 'marital-status', 'occupation', 'relationship', 'sex', 'native-country', 'AG_normal_noise_1'], ['noise_1', 'noise_2', 'age', 'fnlwgt', 'education-num', 'capitalgain', 'capitalloss', 'hoursperweek', 'workclass', 'education', 'marital-status', 'occupation', 'relationship', 'race', 'sex', 'native-country', 'AG_normal_noise_1'], ['noise_1', 'noise_2', 'age', 'fnlwgt', 'education-num', 'capitalgain', 'capitalloss', 'hoursperweek', 'workclass', 'education', 'marital-status', 'occupation', 'relationship', 'race', 'native-country', 'AG_normal_noise_1'], ['noise_1', 'age', 'fnlwgt', 'education-num', 'capitalgain', 'capitalloss', 'hoursperweek', 'workclass', 'education', 'marital-status', 'occupation', 'relationship', 'race', 'sex', 'native-country', 'AG_normal_noise_1']]","[0.8585, 0.858, 0.8589, 0.8584, 0.8594]","[0.862, 0.8618, 0.8627, 0.8628, 0.8623]"
adult,normal_easy,LGBModel,1,"[['noise_1', 'noise_2', 'noise_3', 'age', 'fnlwgt', 'education-num', 'capitalgain', 'capitalloss', 'hoursperweek', 'workclass', 'education', 'marital-status', 'occupation', 'relationship', 'race', 'sex', 'native-country', 'AG_normal_noise_1']]",[0.8512],[0.8618]
adult,normal_easy,BaggedLGBModel,1,"[['noise_1', 'noise_2', 'noise_3', 'age', 'fnlwgt', 'education-num', 'capitalgain', 'capitalloss', 'hoursperweek', 'workclass', 'education', 'marital-status', 'occupation', 'relationship', 'race', 'sex', 'native-country', 'AG_normal_noise_1'], ['noise_2', 'noise_3', 'age', 'fnlwgt', 'education-num', 'capitalgain', 'capitalloss', 'hoursperweek', 'workclass', 'education', 'marital-status', 'occupation', 'relationship', 'race', 'sex', 'native-country', 'AG_normal_noise_1'], ['noise_1', 'noise_2', 'noise_3', 'age', 'fnlwgt', 'education-num', 'capitalgain', 'capitalloss', 'hoursperweek', 'workclass', 'education', 'marital-status', 'occupation', 'relationship', 'sex', 'native-country', 'AG_normal_noise_1'], ['noise_1', 'noise_3', 'age', 'fnlwgt', 'education-num', 'capitalgain', 'capitalloss', 'hoursperweek', 'workclass', 'education', 'marital-status', 'occupation', 'relationship', 'sex', 'native-country', 'AG_normal_noise_1'], ['noise_1', 'noise_3', 'age', 'fnlwgt', 'education-num', 'capitalgain', 'capitalloss', 'hoursperweek', 'workclass', 'education', 'marital-status', 'occupation', 'relationship', 'native-country', 'AG_normal_noise_1']]","[0.858, 0.858, 0.8581, 0.8584, 0.8582]","[0.8626, 0.8618, 0.8617, 0.863, 0.8623]"
adult,normal_easy,LGBModel,2,"[['noise_1', 'noise_2', 'noise_3', 'age', 'fnlwgt', 'education-num', 'capitalgain', 'capitalloss', 'hoursperweek', 'workclass', 'education', 'marital-status', 'occupation', 'relationship', 'race', 'sex', 'native-country', 'AG_normal_noise_1'], ['noise_1', 'noise_2', 'age', 'fnlwgt', 'education-num', 'capitalgain', 'capitalloss', 'hoursperweek', 'workclass', 'education', 'marital-status', 'occupation', 'relationship', 'race', 'sex', 'native-country', 'AG_normal_noise_1'], ['noise_1', 'age', 'fnlwgt', 'education-num', 'capitalgain', 'capitalloss', 'hoursperweek', 'workclass', 'education', 'marital-status', 'occupation', 'relationship', 'race', 'sex', 'native-country', 'AG_normal_noise_1'], ['noise_1', 'noise_2', 'age', 'fnlwgt', 'education-num', 'capitalgain', 'capitalloss', 'hoursperweek', 'workclass', 'education', 'marital-status', 'occupation', 'relationship', 'sex', 'native-country', 'AG_normal_noise_1']]","[0.8573, 0.8583, 0.8578, 0.8576]","[0.8588, 0.86, 0.861, 0.8617]"
adult,normal_easy,BaggedLGBModel,2,"[['noise_1', 'noise_2', 'noise_3', 'age', 'fnlwgt', 'education-num', 'capitalgain', 'capitalloss', 'hoursperweek', 'workclass', 'education', 'marital-status', 'occupation', 'relationship', 'race', 'sex', 'native-country', 'AG_normal_noise_1'], ['noise_1', 'noise_2', 'noise_3', 'age', 'fnlwgt', 'education-num', 'capitalgain', 'capitalloss', 'hoursperweek', 'workclass', 'education', 'marital-status', 'occupation', 'relationship', 'sex', 'native-country', 'AG_normal_noise_1'], ['noise_2', 'noise_3', 'age', 'fnlwgt', 'education-num', 'capitalgain', 'capitalloss', 'hoursperweek', 'workclass', 'education', 'marital-status', 'occupation', 'relationship', 'sex', 'native-country', 'AG_normal_noise_1'], ['noise_1', 'noise_2', 'noise_3', 'age', 'fnlwgt', 'education-num', 'capitalgain', 'capitalloss', 'hoursperweek', 'workclass', 'education', 'marital-status', 'occupation', 'relationship', 'native-country', 'AG_normal_noise_1']]","[0.8583, 0.8591, 0.8584, 0.8587]","[0.8625, 0.8622, 0.863, 0.8625]"
adult,normal_hard,LGBModel,0,"[['noise_1', 'noise_2', 'noise_3', 'noise_4', 'noise_5', 'noise_6', 'noise_7', 'noise_8', 'noise_9', 'noise_10', 'noise_11', 'noise_12', 'noise_13', 'noise_14', 'age', 'fnlwgt', 'education-num', 'capitalgain', 'capitalloss', 'hoursperweek', 'workclass', 'education', 'marital-status', 'occupation', 'relationship', 'race', 'sex', 'native-country', 'AG_normal_noise_1'], ['noise_1', 'noise_2', 'noise_3', 'noise_4', 'noise_5', 'noise_6', 'noise_7', 'noise_8', 'noise_9', 'noise_10', 'noise_11', 'noise_12', 'noise_13', 'noise_14', 'age', 'fnlwgt', 'education-num', 'capitalgain', 'capitalloss', 'hoursperweek', 'workclass', 'education', 'marital-status', 'occupation', 'relationship', 'race', 'native-country', 'AG_normal_noise_1'], ['noise_2', 'noise_3', 'noise_4', 'noise_5', 'noise_6', 'noise_7', 'noise_8', 'noise_9', 'noise_10', 'noise_11', 'noise_12', 'noise_13', 'noise_14', 'age', 'fnlwgt', 'education-num', 'capitalgain', 'capitalloss', 'hoursperweek', 'workclass', 'education', 'marital-status', 'occupation', 'relationship', 'race', 'sex', 'native-country', 'AG_normal_noise_1'], ['noise_2', 'noise_3', 'noise_4', 'noise_5', 'noise_6', 'noise_7', 'noise_8', 'noise_9', 'noise_10', 'noise_12', 'noise_13', 'noise_14', 'age', 'fnlwgt', 'education-num', 'capitalgain', 'capitalloss', 'hoursperweek', 'workclass', 'education', 'marital-status', 'occupation', 'relationship', 'race', 'sex', 'native-country', 'AG_normal_noise_1'], ['noise_2', 'noise_3', 'noise_4', 'noise_5', 'noise_6', 'noise_7', 'noise_8', 'noise_9', 'noise_10', 'noise_11', 'noise_12', 'noise_13', 'noise_14', 'age', 'fnlwgt', 'education-num', 'capitalgain', 'capitalloss', 'hoursperweek', 'workclass', 'marital-status', 'occupation', 'relationship', 'race', 'sex', 'native-country', 'AG_normal_noise_1'], ['noise_2', 'noise_3', 'noise_4', 'noise_6', 'noise_7', 'noise_8', 'noise_9', 'noise_10', 'noise_11', 'noise_12', 'noise_13', 'noise_14', 'age', 'fnlwgt', 'education-num', 'capitalgain', 'capitalloss', 'hoursperweek', 'workclass', 'education', 'marital-status', 'occupation', 'relationship', 'race', 'sex', 'native-country', 'AG_normal_noise_1'], ['noise_2', 'noise_3', 'noise_4', 'noise_5', 'noise_6', 'noise_7', 'noise_8', 'noise_9', 'noise_10', 'noise_11', 'noise_12', 'noise_13', 'noise_14', 'age', 'fnlwgt', 'education-num', 'capitalgain', 'capitalloss', 'hoursperweek', 'workclass', 'education', 'marital-status', 'occupation', 'relationship', 'sex', 'native-country', 'AG_normal_noise_1'], ['noise_2', 'noise_3', 'noise_4', 'noise_5', 'noise_6', 'noise_7', 'noise_9', 'noise_10', 'noise_11', 'noise_12', 'noise_13', 'noise_14', 'age', 'fnlwgt', 'education-num', 'capitalgain', 'capitalloss', 'hoursperweek', 'workclass', 'education', 'marital-status', 'occupation', 'relationship', 'race', 'sex', 'native-country', 'AG_normal_noise_1'], ['noise_2', 'noise_3', 'noise_4', 'noise_5', 'noise_6', 'noise_7', 'noise_8', 'noise_9', 'noise_11', 'noise_12', 'noise_13', 'noise_14', 'age', 'fnlwgt', 'education-num', 'capitalgain', 'capitalloss', 'hoursperweek', 'workclass', 'education', 'marital-status', 'occupation', 'relationship', 'race', 'sex', 'native-country', 'AG_normal_noise_1'], ['noise_2', 'noise_3', 'noise_4', 'noise_5', 'noise_6', 'noise_7', 'noise_8', 'noise_9', 'noise_11', 'noise_12', 'noise_14', 'age', 'fnlwgt', 'education-num', 'capitalgain', 'capitalloss', 'hoursperweek', 'workclass', 'education', 'marital-status', 'occupation', 'relationship', 'race', 'sex', 'native-country', 'AG_normal_noise_1']]","[0.8536, 0.853, 0.854, 0.8539, 0.8531, 0.8521, 0.8537, 0.8532, 0.8549, 0.8527]","[0.8594, 0.8611, 0.8605, 0.8627, 0.8606, 0.8616, 0.8615, 0.8598, 0.86, 0.8613]"
adult,normal_hard,BaggedLGBModel,0,"[['noise_1', 'noise_2', 'noise_3', 'noise_4', 'noise_5', 'noise_6', 'noise_7', 'noise_8', 'noise_9', 'noise_10', 'noise_11', 'noise_12', 'noise_13', 'noise_14', 'age', 'fnlwgt', 'education-num', 'capitalgain', 'capitalloss', 'hoursperweek', 'workclass', 'education', 'marital-status', 'occupation', 'relationship', 'race', 'sex', 'native-country', 'AG_normal_noise_1'], ['noise_1', 'noise_3', 'noise_4', 'noise_5', 'noise_6', 'noise_7', 'noise_8', 'noise_9', 'noise_10', 'noise_11', 'noise_12', 'noise_13', 'noise_14', 'age', 'fnlwgt', 'education-num', 'capitalgain', 'capitalloss', 'hoursperweek', 'workclass', 'education', 'marital-status', 'occupation', 'relationship', 'race', 'sex', 'native-country', 'AG_normal_noise_1'], ['noise_1', 'noise_2', 'noise_3', 'noise_4', 'noise_5', 'noise_6', 'noise_7', 'noise_9', 'noise_10', 'noise_11', 'noise_12', 'noise_13', 'noise_14', 'age', 'fnlwgt', 'education-num', 'capitalgain', 'capitalloss', 'hoursperweek', 'workclass', 'education', 'marital-status', 'occupation', 'relationship', 'race', 'sex', 'native-country', 'AG_normal_noise_1'], ['noise_1', 'noise_2', 'noise_3', 'noise_4', 'noise_5', 'noise_6', 'noise_7', 'noise_9', 'noise_10', 'noise_11', 'noise_12', 'noise_13', 'age', 'fnlwgt', 'education-num', 'capitalgain', 'capitalloss', 'hoursperweek', 'workclass', 'education', 'marital-status', 'occupation', 'relationship', 'race', 'sex', 'native-country', 'AG_normal_noise_1'], ['noise_1', 'noise_2', 'noise_3', 'noise_4', 'noise_5', 'noise_6', 'noise_7', 'noise_9', 'noise_10', 'noise_11', 'noise_12', 'noise_14', 'age', 'fnlwgt', 'education-num', 'capitalgain', 'capitalloss', 'hoursperweek', 'workclass', 'education', 'marital-status', 'occupation', 'relationship', 'race', 'sex', 'native-country', 'AG_normal_noise_1'], ['noise_1', 'noise_2', 'noise_3', 'noise_4', 'noise_5', 'noise_7', 'noise_9', 'noise_10', 'noise_11', 'noise_12', 'noise_13', 'noise_14', 'age', 'fnlwgt', 'education-num', 'capitalgain', 'capitalloss', 'hoursperweek', 'workclass', 'education', 'marital-status', 'occupation', 'relationship', 'race', 'sex', 'native-country', 'AG_normal_noise_1'], ['noise_1', 'noise_2', 'noise_3', 'noise_4', 'noise_5', 'noise_6', 'noise_7', 'noise_9', 'noise_10', 'noise_11', 'noise_12', 'noise_13', 'noise_14', 'age', 'fnlwgt', 'education-num', 'capitalgain', 'capitalloss', 'hoursperweek', 'workclass', 'education', 'marital-status', 'occupation', 'relationship', 'sex', 'native-country', 'AG_normal_noise_1'], ['noise_1', 'noise_2', 'noise_3', 'noise_4', 'noise_5', 'noise_6', 'noise_7', 'noise_10', 'noise_11', 'noise_12', 'noise_13', 'noise_14', 'age', 'fnlwgt', 'education-num', 'capitalgain', 'capitalloss', 'hoursperweek', 'workclass', 'education', 'marital-status', 'occupation', 'relationship', 'race', 'sex', 'native-country', 'AG_normal_noise_1'], ['noise_1', 'noise_2', 'noise_3', 'noise_4', 'noise_5', 'noise_6', 'noise_7', 'noise_9', 'noise_10', 'noise_11', 'noise_13', 'noise_14', 'age', 'fnlwgt', 'education-num', 'capitalgain', 'capitalloss', 'hoursperweek', 'workclass', 'education', 'marital-status', 'occupation', 'relationship', 'race', 'sex', 'native-country', 'AG_normal_noise_1'], ['noise_1', 'noise_2', 'noise_3', 'noise_4', 'noise_5', 'noise_6', 'noise_7', 'noise_9', 'noise_10', 'noise_11', 'noise_12', 'noise_13', 'noise_14', 'age', 'fnlwgt', 'education-num', 'capitalgain', 'capitalloss', 'hoursperweek', 'workclass', 'education', 'marital-status', 'occupation', 'relationship', 'race', 'native-country', 'AG_normal_noise_1'], ['noise_2', 'noise_3', 'noise_4', 'noise_5', 'noise_6', 'noise_7', 'noise_9', 'noise_10', 'noise_11', 'noise_12', 'noise_13', 'noise_14', 'age', 'fnlwgt', 'education-num', 'capitalgain', 'capitalloss', 'hoursperweek', 'workclass', 'education', 'marital-status', 'occupation', 'relationship', 'race', 'native-country', 'AG_normal_noise_1']]","[0.8588, 0.8585, 0.859, 0.8589, 0.8586, 0.859, 0.8584, 0.8587, 0.8586, 0.8591, 0.8588]","[0.8623, 0.8627, 0.8627, 0.8634, 0.8622, 0.864, 0.8623, 0.8615, 0.8623, 0.8622, 0.8619]"
adult,normal_hard,LGBModel,1,"[['noise_1', 'noise_2', 'noise_3', 'noise_4', 'noise_5', 'noise_6', 'noise_7', 'noise_8', 'noise_9', 'noise_10', 'noise_11', 'noise_12', 'noise_13', 'noise_14', 'age', 'fnlwgt', 'education-num', 'capitalgain', 'capitalloss', 'hoursperweek', 'workclass', 'education', 'marital-status', 'occupation', 'relationship', 'race', 'sex', 'native-country', 'AG_normal_noise_1'], ['noise_1', 'noise_3', 'noise_4', 'noise_5', 'noise_6', 'noise_7', 'noise_8', 'noise_9', 'noise_10', 'noise_11', 'noise_12', 'noise_13', 'noise_14', 'age', 'fnlwgt', 'education-num', 'capitalgain', 'capitalloss', 'hoursperweek', 'workclass', 'education', 'marital-status', 'occupation', 'relationship', 'race', 'sex', 'native-country', 'AG_normal_noise_1'], ['noise_1', 'noise_2', 'noise_3', 'noise_4', 'noise_5', 'noise_6', 'noise_7', 'noise_9', 'noise_10', 'noise_11', 'noise_12', 'noise_13', 'noise_14', 'age', 'fnlwgt', 'education-num', 'capitalgain', 'capitalloss', 'hoursperweek', 'workclass', 'education', 'marital-status', 'occupation', 'relationship', 'race', 'sex', 'native-country', 'AG_normal_noise_1']]","[0.8515, 0.851, 0.8533]","[0.8643, 0.8638, 0.8631]"
adult,normal_hard,BaggedLGBModel,1,"[['noise_1', 'noise_2', 'noise_3', 'noise_4', 'noise_5', 'noise_6', 'noise_7', 'noise_8', 'noise_9', 'noise_10', 'noise_11', 'noise_12', 'noise_13', 'noise_14', 'age', 'fnlwgt', 'education-num', 'capitalgain', 'capitalloss', 'hoursperweek', 'workclass', 'education', 'marital-status', 'occupation', 'relationship', 'race', 'sex', 'native-country', 'AG_normal_noise_1'], ['noise_1', 'noise_2', 'noise_3', 'noise_4', 'noise_5', 'noise_6', 'noise_7', 'noise_8', 'noise_9', 'noise_11', 'noise_12', 'noise_13', 'noise_14', 'age', 'fnlwgt', 'education-num', 'capitalgain', 'capitalloss', 'hoursperweek', 'workclass', 'education', 'marital-status', 'occupation', 'relationship', 'race', 'sex', 'native-country', 'AG_normal_noise_1'], ['noise_1', 'noise_2', 'noise_3', 'noise_4', 'noise_5', 'noise_6', 'noise_7', 'noise_8', 'noise_9', 'noise_12', 'noise_13', 'noise_14', 'age', 'fnlwgt', 'education-num', 'capitalgain', 'capitalloss', 'hoursperweek', 'workclass', 'education', 'marital-status', 'occupation', 'relationship', 'race', 'sex', 'native-country', 'AG_normal_noise_1'], ['noise_1', 'noise_2', 'noise_3', 'noise_4', 'noise_5', 'noise_6', 'noise_7', 'noise_8', 'noise_9', 'noise_11', 'noise_12', 'noise_13', 'noise_14', 'age', 'fnlwgt', 'education-num', 'capitalgain', 'capitalloss', 'hoursperweek', 'workclass', 'education', 'marital-status', 'occupation', 'relationship', 'race', 'native-country', 'AG_normal_noise_1'], ['noise_1', 'noise_2', 'noise_3', 'noise_4', 'noise_5', 'noise_6', 'noise_7', 'noise_9', 'noise_11', 'noise_12', 'noise_13', 'noise_14', 'age', 'fnlwgt', 'education-num', 'capitalgain', 'capitalloss', 'hoursperweek', 'workclass', 'education', 'marital-status', 'occupation', 'relationship', 'race', 'native-country', 'AG_normal_noise_1'], ['noise_1', 'noise_2', 'noise_4', 'noise_5', 'noise_6', 'noise_7', 'noise_8', 'noise_9', 'noise_11', 'noise_12', 'noise_13', 'noise_14', 'age', 'fnlwgt', 'education-num', 'capitalgain', 'capitalloss', 'hoursperweek', 'workclass', 'education', 'marital-status', 'occupation', 'relationship', 'race', 'native-country', 'AG_normal_noise_1'], ['noise_1', 'noise_2', 'noise_4', 'noise_5', 'noise_6', 'noise_8', 'noise_9', 'noise_11', 'noise_12', 'noise_13', 'noise_14', 'age', 'fnlwgt', 'education-num', 'capitalgain', 'capitalloss', 'hoursperweek', 'workclass', 'education', 'marital-status', 'occupation', 'relationship', 'race', 'native-country', 'AG_normal_noise_1'], ['noise_1', 'noise_2', 'noise_4', 'noise_5', 'noise_7', 'noise_8', 'noise_9', 'noise_11', 'noise_12', 'noise_13', 'noise_14', 'age', 'fnlwgt', 'education-num', 'capitalgain', 'capitalloss', 'hoursperweek', 'workclass', 'education', 'marital-status', 'occupation', 'relationship', 'race', 'native-country', 'AG_normal_noise_1'], ['noise_1', 'noise_2', 'noise_4', 'noise_5', 'noise_7', 'noise_8', 'noise_9', 'noise_11', 'noise_12', 'noise_13', 'noise_14', 'age', 'fnlwgt', 'education-num', 'capitalgain', 'capitalloss', 'hoursperweek', 'workclass', 'education', 'marital-status', 'occupation', 'relationship', 'native-country', 'AG_normal_noise_1'], ['noise_1', 'noise_2', 'noise_4', 'noise_5', 'noise_7', 'noise_8', 'noise_11', 'noise_12', 'noise_13', 'noise_14', 'age', 'fnlwgt', 'education-num', 'capitalgain', 'capitalloss', 'hoursperweek', 'workclass', 'education', 'marital-status', 'occupation', 'relationship', 'race', 'native-country', 'AG_normal_noise_1'], ['noise_1', 'noise_4', 'noise_5', 'noise_7', 'noise_8', 'noise_9', 'noise_11', 'noise_12', 'noise_13', 'noise_14', 'age', 'fnlwgt', 'education-num', 'capitalgain', 'capitalloss', 'hoursperweek', 'workclass', 'education', 'marital-status', 'occupation', 'relationship', 'race', 'native-country', 'AG_normal_noise_1']]","[0.8576, 0.8582, 0.8579, 0.8583, 0.8583, 0.8588, 0.8586, 0.8591, 0.8588, 0.8585, 0.8582]","[0.8625, 0.862, 0.8621, 0.8617, 0.8623, 0.8627, 0.8626, 0.8624, 0.863, 0.8624, 0.8629]"
adult,normal_hard,LGBModel,2,"[['noise_1', 'noise_2', 'noise_3', 'noise_4', 'noise_5', 'noise_6', 'noise_7', 'noise_8', 'noise_9', 'noise_10', 'noise_11', 'noise_12', 'noise_13', 'noise_14', 'age', 'fnlwgt', 'education-num', 'capitalgain', 'capitalloss', 'hoursperweek', 'workclass', 'education', 'marital-status', 'occupation', 'relationship', 'race', 'sex', 'native-country', 'AG_normal_noise_1'], ['noise_1', 'noise_2', 'noise_3', 'noise_4', 'noise_5', 'noise_7', 'noise_8', 'noise_9', 'noise_10', 'noise_11', 'noise_12', 'noise_13', 'noise_14', 'age', 'fnlwgt', 'education-num', 'capitalgain', 'capitalloss', 'hoursperweek', 'workclass', 'education', 'marital-status', 'occupation', 'relationship', 'race', 'sex', 'native-country', 'AG_normal_noise_1'], ['noise_1', 'noise_2', 'noise_3', 'noise_4', 'noise_5', 'noise_6', 'noise_7', 'noise_8', 'noise_9', 'noise_10', 'noise_11', 'noise_12', 'noise_13', 'noise_14', 'age', 'fnlwgt', 'education-num', 'capitalgain', 'capitalloss', 'hoursperweek', 'workclass', 'education', 'marital-status', 'occupation', 'relationship', 'sex', 'native-country', 'AG_normal_noise_1'], ['noise_1', 'noise_2', 'noise_3', 'noise_4', 'noise_5', 'noise_6', 'noise_7', 'noise_9', 'noise_10', 'noise_11', 'noise_12', 'noise_13', 'noise_14', 'age', 'fnlwgt', 'education-num', 'capitalgain', 'capitalloss', 'hoursperweek', 'workclass', 'education', 'marital-status', 'occupation', 'relationship', 'race', 'sex', 'native-country', 'AG_normal_noise_1'], ['noise_1', 'noise_2', 'noise_3', 'noise_4', 'noise_5', 'noise_6', 'noise_7', 'noise_9', 'noise_10', 'noise_11', 'noise_12', 'noise_14', 'age', 'fnlwgt', 'education-num', 'capitalgain', 'capitalloss', 'hoursperweek', 'workclass', 'education', 'marital-status', 'occupation', 'relationship', 'race', 'sex', 'native-country', 'AG_normal_noise_1'], ['noise_1', 'noise_2', 'noise_4', 'noise_5', 'noise_6', 'noise_7', 'noise_9', 'noise_10', 'noise_11', 'noise_12', 'noise_13', 'noise_14', 'age', 'fnlwgt', 'education-num', 'capitalgain', 'capitalloss', 'hoursperweek', 'workclass', 'education', 'marital-status', 'occupation', 'relationship', 'race', 'sex', 'native-country', 'AG_normal_noise_1'], ['noise_2', 'noise_3', 'noise_4', 'noise_5', 'noise_6', 'noise_7', 'noise_9', 'noise_10', 'noise_11', 'noise_12', 'noise_13', 'noise_14', 'age', 'fnlwgt', 'education-num', 'capitalgain', 'capitalloss', 'hoursperweek', 'workclass', 'education', 'marital-status', 'occupation', 'relationship', 'race', 'sex', 'native-country', 'AG_normal_noise_1'], ['noise_1', 'noise_2', 'noise_3', 'noise_4', 'noise_5', 'noise_6', 'noise_9', 'noise_10', 'noise_11', 'noise_12', 'noise_13', 'noise_14', 'age', 'fnlwgt', 'education-num', 'capitalgain', 'capitalloss', 'hoursperweek', 'workclass', 'education', 'marital-status', 'occupation', 'relationship', 'race', 'sex', 'native-country', 'AG_normal_noise_1'], ['noise_1', 'noise_2', 'noise_3', 'noise_5', 'noise_6', 'noise_7', 'noise_9', 'noise_10', 'noise_11', 'noise_12', 'noise_13', 'noise_14', 'age', 'fnlwgt', 'education-num', 'capitalgain', 'capitalloss', 'hoursperweek', 'workclass', 'education', 'marital-status', 'occupation', 'relationship', 'race', 'sex', 'native-country', 'AG_normal_noise_1']]","[0.8577, 0.8577, 0.8577, 0.8585, 0.8569, 0.8574, 0.8573, 0.8571, 0.8585]","[0.8589, 0.859, 0.8589, 0.8614, 0.861, 0.8618, 0.8587, 0.8587, 0.861]"
adult,normal_hard,BaggedLGBModel,2,"[['noise_1', 'noise_2', 'noise_3', 'noise_4', 'noise_5', 'noise_6', 'noise_7', 'noise_8', 'noise_9', 'noise_10', 'noise_11', 'noise_12', 'noise_13', 'noise_14', 'age', 'fnlwgt', 'education-num', 'capitalgain', 'capitalloss', 'hoursperweek', 'workclass', 'education', 'marital-status', 'occupation', 'relationship', 'race', 'sex', 'native-country', 'AG_normal_noise_1'], ['noise_2', 'noise_3', 'noise_4', 'noise_5', 'noise_6', 'noise_7', 'noise_8', 'noise_9', 'noise_10', 'noise_11', 'noise_12', 'noise_13', 'noise_14', 'age', 'fnlwgt', 'education-num', 'capitalgain', 'capitalloss', 'hoursperweek', 'workclass', 'education', 'marital-status', 'occupation', 'relationship', 'race', 'sex', 'native-country', 'AG_normal_noise_1'], ['noise_1', 'noise_2', 'noise_3', 'noise_5', 'noise_6', 'noise_7', 'noise_8', 'noise_9', 'noise_10', 'noise_11', 'noise_12', 'noise_13', 'noise_14', 'age', 'fnlwgt', 'education-num', 'capitalgain', 'capitalloss', 'hoursperweek', 'workclass', 'education', 'marital-status', 'occupation', 'relationship', 'race', 'sex', 'native-country', 'AG_normal_noise_1'], ['noise_1', 'noise_2', 'noise_3', 'noise_4', 'noise_5', 'noise_6', 'noise_7', 'noise_8', 'noise_9', 'noise_10', 'noise_11', 'noise_12', 'noise_13', 'age', 'fnlwgt', 'education-num', 'capitalgain', 'capitalloss', 'hoursperweek', 'workclass', 'education', 'marital-status', 'occupation', 'relationship', 'race', 'sex', 'native-country', 'AG_normal_noise_1'], ['noise_1', 'noise_2', 'noise_3', 'noise_4', 'noise_5', 'noise_7', 'noise_8', 'noise_9', 'noise_10', 'noise_11', 'noise_12', 'noise_13', 'noise_14', 'age', 'fnlwgt', 'education-num', 'capitalgain', 'capitalloss', 'hoursperweek', 'workclass', 'education', 'marital-status', 'occupation', 'relationship', 'race', 'sex', 'native-country', 'AG_normal_noise_1'], ['noise_1', 'noise_2', 'noise_3', 'noise_4', 'noise_5', 'noise_6', 'noise_8', 'noise_9', 'noise_10', 'noise_11', 'noise_12', 'noise_13', 'noise_14', 'age', 'fnlwgt', 'education-num', 'capitalgain', 'capitalloss', 'hoursperweek', 'workclass', 'education', 'marital-status', 'occupation', 'relationship', 'race', 'sex', 'native-country', 'AG_normal_noise_1'], ['noise_1', 'noise_2', 'noise_3', 'noise_4', 'noise_5', 'noise_6', 'noise_7', 'noise_8', 'noise_9', 'noise_10', 'noise_11', 'noise_12', 'noise_13', 'noise_14', 'age', 'fnlwgt', 'education-num', 'capitalgain', 'capitalloss', 'hoursperweek', 'workclass', 'education', 'marital-status', 'occupation', 'relationship', 'sex', 'native-country', 'AG_normal_noise_1'], ['noise_1', 'noise_2', 'noise_4', 'noise_5', 'noise_6', 'noise_7', 'noise_8', 'noise_9', 'noise_10', 'noise_11', 'noise_12', 'noise_13', 'noise_14', 'age', 'fnlwgt', 'education-num', 'capitalgain', 'capitalloss', 'hoursperweek', 'workclass', 'education', 'marital-status', 'occupation', 'relationship', 'race', 'sex', 'native-country', 'AG_normal_noise_1'], ['noise_1', 'noise_2', 'noise_3', 'noise_4', 'noise_5', 'noise_6', 'noise_7', 'noise_8', 'noise_9', 'noise_10', 'noise_11', 'noise_12', 'noise_14', 'age', 'fnlwgt', 'education-num', 'capitalgain', 'capitalloss', 'hoursperweek', 'workclass', 'education', 'marital-status', 'occupation', 'relationship', 'race', 'sex', 'native-country', 'AG_normal_noise_1'], ['noise_1', 'noise_2', 'noise_3', 'noise_4', 'noise_5', 'noise_6', 'noise_7', 'noise_9', 'noise_10', 'noise_11', 'noise_12', 'noise_13', 'noise_14', 'age', 'fnlwgt', 'education-num', 'capitalgain', 'capitalloss', 'hoursperweek', 'workclass', 'education', 'marital-status', 'occupation', 'relationship', 'race', 'sex', 'native-country', 'AG_normal_noise_1'], ['noise_1', 'noise_2', 'noise_3', 'noise_4', 'noise_5', 'noise_6', 'noise_7', 'noise_8', 'noise_10', 'noise_11', 'noise_12', 'noise_13', 'noise_14', 'age', 'fnlwgt', 'education-num', 'capitalgain', 'capitalloss', 'hoursperweek', 'workclass', 'education', 'marital-status', 'occupation', 'relationship', 'race', 'sex', 'native-country', 'AG_normal_noise_1']]","[0.8586, 0.8586, 0.8579, 0.8586, 0.8586, 0.8582, 0.8578, 0.8586, 0.8585, 0.8584, 0.858]","[0.8629, 0.8626, 0.8628, 0.8628, 0.8637, 0.8625, 0.8616, 0.8628, 0.8632, 0.8628, 0.8625]"
airlines,original,LGBModel,0,"[['Flight', 'DayOfWeek', 'Time', 'Length', 'Airline', 'AirportFrom', 'AirportTo', 'AG_normal_noise_1']]",[0.6662],[0.6669]
airlines,original,BaggedLGBModel,0,"[['Flight', 'DayOfWeek', 'Time', 'Length', 'Airline', 'AirportFrom', 'AirportTo', 'AG_normal_noise_1']]",[0.6666],[0.6686]
airlines,original,LGBModel,1,"[['Flight', 'DayOfWeek', 'Time', 'Length', 'Airline', 'AirportFrom', 'AirportTo', 'AG_normal_noise_1']]",[0.6681],[0.6684]
airlines,original,BaggedLGBModel,1,"[['Flight', 'DayOfWeek', 'Time', 'Length', 'Airline', 'AirportFrom', 'AirportTo', 'AG_normal_noise_1']]",[0.6668],[0.6682]
airlines,original,LGBModel,2,"[['Flight', 'DayOfWeek', 'Time', 'Length', 'Airline', 'AirportFrom', 'AirportTo', 'AG_normal_noise_1']]",[0.6677],[0.667]
airlines,original,BaggedLGBModel,2,"[['Flight', 'DayOfWeek', 'Time', 'Length', 'Airline', 'AirportFrom', 'AirportTo', 'AG_normal_noise_1']]",[0.6671],[0.6687]
airlines,normal_easy,LGBModel,0,"[['noise_1', 'noise_2', 'Flight', 'DayOfWeek', 'Time', 'Length', 'Airline', 'AirportFrom', 'AirportTo', 'AG_normal_noise_1']]",[0.6662],[0.6666]
airlines,normal_easy,BaggedLGBModel,0,"[['noise_1', 'noise_2', 'Flight', 'DayOfWeek', 'Time', 'Length', 'Airline', 'AirportFrom', 'AirportTo', 'AG_normal_noise_1'], ['noise_2', 'Flight', 'DayOfWeek', 'Time', 'Length', 'Airline', 'AirportFrom', 'AirportTo', 'AG_normal_noise_1'], ['Flight', 'DayOfWeek', 'Time', 'Length', 'Airline', 'AirportFrom', 'AirportTo', 'AG_normal_noise_1']]","[0.6658, 0.6664, 0.6666]","[0.6675, 0.6675, 0.6686]"
airlines,normal_easy,LGBModel,1,"[['noise_1', 'noise_2', 'Flight', 'DayOfWeek', 'Time', 'Length', 'Airline', 'AirportFrom', 'AirportTo', 'AG_normal_noise_1']]",[0.6677],[0.6681]
airlines,normal_easy,BaggedLGBModel,1,"[['noise_1', 'noise_2', 'Flight', 'DayOfWeek', 'Time', 'Length', 'Airline', 'AirportFrom', 'AirportTo', 'AG_normal_noise_1'], ['noise_1', 'Flight', 'DayOfWeek', 'Time', 'Length', 'Airline', 'AirportFrom', 'AirportTo', 'AG_normal_noise_1']]","[0.6668, 0.6669]","[0.6679, 0.6678]"
airlines,normal_easy,LGBModel,2,"[['noise_1', 'noise_2', 'Flight', 'DayOfWeek', 'Time', 'Length', 'Airline', 'AirportFrom', 'AirportTo', 'AG_normal_noise_1'], ['noise_2', 'Flight', 'DayOfWeek', 'Time', 'Length', 'Airline', 'AirportFrom', 'AirportTo', 'AG_normal_noise_1']]","[0.6673, 0.6677]","[0.667, 0.6674]"
airlines,normal_easy,BaggedLGBModel,2,"[['noise_1', 'noise_2', 'Flight', 'DayOfWeek', 'Time', 'Length', 'Airline', 'AirportFrom', 'AirportTo', 'AG_normal_noise_1'], ['noise_1', 'Flight', 'DayOfWeek', 'Time', 'Length', 'Airline', 'AirportFrom', 'AirportTo', 'AG_normal_noise_1']]","[0.6665, 0.6669]","[0.6677, 0.6684]"
airlines,normal_hard,LGBModel,0,"[['noise_1', 'noise_2', 'noise_3', 'noise_4', 'noise_5', 'noise_6', 'noise_7', 'Flight', 'DayOfWeek', 'Time', 'Length', 'Airline', 'AirportFrom', 'AirportTo', 'AG_normal_noise_1'], ['noise_1', 'noise_2', 'noise_3', 'noise_4', 'noise_6', 'noise_7', 'Flight', 'DayOfWeek', 'Time', 'Length', 'Airline', 'AirportFrom', 'AirportTo', 'AG_normal_noise_1'], ['noise_1', 'noise_3', 'noise_4', 'noise_5', 'noise_6', 'noise_7', 'Flight', 'DayOfWeek', 'Time', 'Length', 'Airline', 'AirportFrom', 'AirportTo', 'AG_normal_noise_1'], ['noise_1', 'noise_3', 'noise_4', 'noise_5', 'noise_6', 'Flight', 'DayOfWeek', 'Time', 'Length', 'Airline', 'AirportFrom', 'AirportTo', 'AG_normal_noise_1']]","[0.666, 0.6656, 0.6665, 0.6662]","[0.6667, 0.6659, 0.6668, 0.6662]"
airlines,normal_hard,BaggedLGBModel,0,"[['noise_1', 'noise_2', 'noise_3', 'noise_4', 'noise_5', 'noise_6', 'noise_7', 'Flight', 'DayOfWeek', 'Time', 'Length', 'Airline', 'AirportFrom', 'AirportTo', 'AG_normal_noise_1']]",[0.6653],[0.667]
airlines,normal_hard,LGBModel,1,"[['noise_1', 'noise_2', 'noise_3', 'noise_4', 'noise_5', 'noise_6', 'noise_7', 'Flight', 'DayOfWeek', 'Time', 'Length', 'Airline', 'AirportFrom', 'AirportTo', 'AG_normal_noise_1'], ['noise_1', 'noise_2', 'noise_4', 'noise_5', 'noise_6', 'noise_7', 'Flight', 'DayOfWeek', 'Time', 'Length', 'Airline', 'AirportFrom', 'AirportTo', 'AG_normal_noise_1'], ['noise_1', 'noise_2', 'noise_4', 'noise_5', 'noise_7', 'Flight', 'DayOfWeek', 'Time', 'Length', 'Airline', 'AirportFrom', 'AirportTo', 'AG_normal_noise_1'], ['noise_2', 'noise_4', 'noise_5', 'noise_7', 'Flight', 'DayOfWeek', 'Time', 'Length', 'Airline', 'AirportFrom', 'AirportTo', 'AG_normal_noise_1']]","[0.6663, 0.667, 0.6674, 0.667]","[0.6661, 0.6676, 0.6673, 0.6673]"
airlines,normal_hard,BaggedLGBModel,1,"[['noise_1', 'noise_2', 'noise_3', 'noise_4', 'noise_5', 'noise_6', 'noise_7', 'Flight', 'DayOfWeek', 'Time', 'Length', 'Airline', 'AirportFrom', 'AirportTo', 'AG_normal_noise_1'], ['noise_1', 'noise_2', 'noise_3', 'noise_4', 'noise_5', 'noise_6', 'Flight', 'DayOfWeek', 'Time', 'Length', 'Airline', 'AirportFrom', 'AirportTo', 'AG_normal_noise_1'], ['noise_1', 'noise_2', 'noise_3', 'noise_4', 'noise_5', 'noise_7', 'Flight', 'DayOfWeek', 'Time', 'Length', 'Airline', 'AirportFrom', 'AirportTo', 'AG_normal_noise_1'], ['noise_2', 'noise_3', 'noise_4', 'noise_5', 'noise_7', 'Flight', 'DayOfWeek', 'Time', 'Length', 'Airline', 'AirportFrom', 'AirportTo', 'AG_normal_noise_1'], ['noise_2', 'noise_3', 'noise_5', 'noise_7', 'Flight', 'DayOfWeek', 'Time', 'Length', 'Airline', 'AirportFrom', 'AirportTo', 'AG_normal_noise_1'], ['noise_2', 'noise_4', 'noise_5', 'noise_7', 'Flight', 'DayOfWeek', 'Time', 'Length', 'Airline', 'AirportFrom', 'AirportTo', 'AG_normal_noise_1']]","[0.666, 0.666, 0.6662, 0.6665, 0.6665, 0.6664]","[0.6665, 0.6666, 0.6671, 0.6672, 0.6675, 0.6673]"
airlines,normal_hard,LGBModel,2,"[['noise_1', 'noise_2', 'noise_3', 'noise_4', 'noise_5', 'noise_6', 'noise_7', 'Flight', 'DayOfWeek', 'Time', 'Length', 'Airline', 'AirportFrom', 'AirportTo', 'AG_normal_noise_1'], ['noise_2', 'noise_3', 'noise_4', 'noise_5', 'noise_6', 'noise_7', 'Flight', 'DayOfWeek', 'Time', 'Length', 'Airline', 'AirportFrom', 'AirportTo', 'AG_normal_noise_1'], ['noise_1', 'noise_2', 'noise_3', 'noise_5', 'noise_6', 'noise_7', 'Flight', 'DayOfWeek', 'Time', 'Length', 'Airline', 'AirportFrom', 'AirportTo', 'AG_normal_noise_1'], ['noise_1', 'noise_2', 'noise_3', 'noise_4', 'noise_5', 'noise_6', 'Flight', 'DayOfWeek', 'Time', 'Length', 'Airline', 'AirportFrom', 'AirportTo', 'AG_normal_noise_1'], ['noise_1', 'noise_2', 'noise_3', 'noise_4', 'noise_6', 'Flight', 'DayOfWeek', 'Time', 'Length', 'Airline', 'AirportFrom', 'AirportTo', 'AG_normal_noise_1'], ['noise_1', 'noise_2', 'noise_4', 'noise_5', 'noise_6', 'Flight', 'DayOfWeek', 'Time', 'Length', 'Airline', 'AirportFrom', 'AirportTo', 'AG_normal_noise_1'], ['noise_1', 'noise_2', 'noise_3', 'noise_4', 'noise_5', 'noise_6', 'DayOfWeek', 'Time', 'Length', 'Airline', 'AirportFrom', 'AirportTo', 'AG_normal_noise_1'], ['noise_1', 'noise_3', 'noise_4', 'noise_5', 'noise_6', 'Flight', 'DayOfWeek', 'Time', 'Length', 'Airline', 'AirportFrom', 'AirportTo', 'AG_normal_noise_1'], ['noise_1', 'noise_2', 'noise_3', 'noise_4', 'noise_5', 'Flight', 'DayOfWeek', 'Time', 'Length', 'Airline', 'AirportFrom', 'AirportTo', 'AG_normal_noise_1']]","[0.6672, 0.6666, 0.6662, 0.6673, 0.6672, 0.6666, 0.6659, 0.6662, 0.6666]","[0.6662, 0.666, 0.666, 0.6669, 0.6665, 0.6669, 0.6664, 0.6665, 0.6664]"
airlines,normal_hard,BaggedLGBModel,2,"[['noise_1', 'noise_2', 'noise_3', 'noise_4', 'noise_5', 'noise_6', 'noise_7', 'Flight', 'DayOfWeek', 'Time', 'Length', 'Airline', 'AirportFrom', 'AirportTo', 'AG_normal_noise_1'], ['noise_1', 'noise_2', 'noise_4', 'noise_5', 'noise_6', 'noise_7', 'Flight', 'DayOfWeek', 'Time', 'Length', 'Airline', 'AirportFrom', 'AirportTo', 'AG_normal_noise_1'], ['noise_1', 'noise_2', 'noise_5', 'noise_6', 'noise_7', 'Flight', 'DayOfWeek', 'Time', 'Length', 'Airline', 'AirportFrom', 'AirportTo', 'AG_normal_noise_1'], ['noise_2', 'noise_4', 'noise_5', 'noise_6', 'noise_7', 'Flight', 'DayOfWeek', 'Time', 'Length', 'Airline', 'AirportFrom', 'AirportTo', 'AG_normal_noise_1'], ['noise_1', 'noise_2', 'noise_4', 'noise_5', 'noise_6', 'Flight', 'DayOfWeek', 'Time', 'Length', 'Airline', 'AirportFrom', 'AirportTo', 'AG_normal_noise_1'], ['noise_1', 'noise_4', 'noise_5', 'noise_6', 'Flight', 'DayOfWeek', 'Time', 'Length', 'Airline', 'AirportFrom', 'AirportTo', 'AG_normal_noise_1'], ['noise_1', 'noise_4', 'noise_5', 'Flight', 'DayOfWeek', 'Time', 'Length', 'Airline', 'AirportFrom', 'AirportTo', 'AG_normal_noise_1'], ['noise_1', 'noise_4', 'noise_6', 'Flight', 'DayOfWeek', 'Time', 'Length', 'Airline', 'AirportFrom', 'AirportTo', 'AG_normal_noise_1']]","[0.6661, 0.6664, 0.6664, 0.6663, 0.6665, 0.6666, 0.6666, 0.6664]","[0.6669, 0.6673, 0.6673, 0.6674, 0.6672, 0.6674, 0.6675, 0.6669]"
australian,original,LGBModel,0,"[['A1', 'A2', 'A3', 'A4', 'A5', 'A6', 'A7', 'A8', 'A9', 'A10', 'A11', 'A12', 'A13', 'A14', 'AG_normal_noise_1'], ['A1', 'A2', 'A3', 'A4', 'A5', 'A6', 'A7', 'A8', 'A9', 'A10', 'A11', 'A13', 'A14', 'AG_normal_noise_1'], ['A2', 'A3', 'A4', 'A5', 'A6', 'A7', 'A8', 'A9', 'A10', 'A11', 'A12', 'A13', 'A14', 'AG_normal_noise_1']]","[0.9182, 0.9182, 0.9182]","[0.8551, 0.8551, 0.8551]"
australian,original,BaggedLGBModel,0,"[['A1', 'A2', 'A3', 'A4', 'A5', 'A6', 'A7', 'A8', 'A9', 'A10', 'A11', 'A12', 'A13', 'A14', 'AG_normal_noise_1'], ['A1', 'A2', 'A3', 'A4', 'A5', 'A6', 'A7', 'A8', 'A9', 'A10', 'A12', 'A13', 'A14', 'AG_normal_noise_1'], ['A2', 'A3', 'A4', 'A5', 'A6', 'A7', 'A8', 'A9', 'A10', 'A12', 'A13', 'A14', 'AG_normal_noise_1'], ['A1', 'A2', 'A3', 'A4', 'A5', 'A7', 'A8', 'A9', 'A10', 'A12', 'A13', 'A14', 'AG_normal_noise_1'], ['A1', 'A2', 'A3', 'A4', 'A5', 'A6', 'A7', 'A8', 'A9', 'A10', 'A13', 'A14', 'AG_normal_noise_1'], ['A1', 'A2', 'A3', 'A5', 'A6', 'A7', 'A8', 'A9', 'A10', 'A12', 'A13', 'A14', 'AG_normal_noise_1'], ['A1', 'A3', 'A4', 'A5', 'A6', 'A7', 'A8', 'A9', 'A10', 'A12', 'A13', 'A14', 'AG_normal_noise_1'], ['A1', 'A2', 'A3', 'A4', 'A5', 'A6', 'A7', 'A8', 'A9', 'A12', 'A13', 'A14', 'AG_normal_noise_1'], ['A1', 'A2', 'A3', 'A4', 'A6', 'A7', 'A8', 'A9', 'A12', 'A13', 'A14', 'AG_normal_noise_1'], ['A1', 'A2', 'A4', 'A5', 'A6', 'A7', 'A8', 'A9', 'A12', 'A13', 'A14', 'AG_normal_noise_1'], ['A1', 'A2', 'A3', 'A4', 'A5', 'A6', 'A8', 'A9', 'A12', 'A13', 'A14', 'AG_normal_noise_1']]","[0.8913, 0.8949, 0.8859, 0.8895, 0.8913, 0.8859, 0.8877, 0.9004, 0.8859, 0.8895, 0.8859]","[0.8478, 0.8478, 0.8623, 0.8478, 0.8551, 0.8551, 0.8623, 0.8551, 0.8551, 0.8551, 0.8551]"
australian,original,LGBModel,1,"[['A1', 'A2', 'A3', 'A4', 'A5', 'A6', 'A7', 'A8', 'A9', 'A10', 'A11', 'A12', 'A13', 'A14', 'AG_normal_noise_1'], ['A1', 'A2', 'A3', 'A4', 'A5', 'A6', 'A7', 'A8', 'A9', 'A10', 'A11', 'A13', 'A14', 'AG_normal_noise_1'], ['A2', 'A3', 'A4', 'A5', 'A6', 'A7', 'A8', 'A9', 'A10', 'A11', 'A12', 'A13', 'A14', 'AG_normal_noise_1'], ['A1', 'A2', 'A3', 'A4', 'A5', 'A7', 'A8', 'A9', 'A10', 'A11', 'A12', 'A13', 'A14', 'AG_normal_noise_1'], ['A1', 'A2', 'A3', 'A4', 'A5', 'A6', 'A7', 'A8', 'A9', 'A11', 'A12', 'A13', 'A14', 'AG_normal_noise_1'], ['A1', 'A2', 'A3', 'A4', 'A5', 'A6', 'A7', 'A8', 'A9', 'A10', 'A12', 'A13', 'A14', 'AG_normal_noise_1'], ['A1', 'A2', 'A3', 'A5', 'A6', 'A7', 'A8', 'A9', 'A10', 'A11', 'A12', 'A13', 'A14', 'AG_normal_noise_1']]","[0.9091, 0.9091, 0.9091, 0.9091, 0.9091, 0.9091, 0.9091]","[0.8551, 0.8551, 0.8551, 0.8551, 0.8551, 0.8551, 0.8551]"
australian,original,BaggedLGBModel,1,"[['A1', 'A2', 'A3', 'A4', 'A5', 'A6', 'A7', 'A8', 'A9', 'A10', 'A11', 'A12', 'A13', 'A14', 'AG_normal_noise_1'], ['A1', 'A2', 'A3', 'A4', 'A5', 'A6', 'A7', 'A8', 'A9', 'A10', 'A11', 'A13', 'A14', 'AG_normal_noise_1'], ['A1', 'A3', 'A4', 'A5', 'A6', 'A7', 'A8', 'A9', 'A10', 'A11', 'A12', 'A13', 'A14', 'AG_normal_noise_1'], ['A3', 'A4', 'A5', 'A6', 'A7', 'A8', 'A9', 'A10', 'A11', 'A12', 'A13', 'A14', 'AG_normal_noise_1'], ['A1', 'A3', 'A4', 'A5', 'A6', 'A7', 'A8', 'A9', 'A10', 'A12', 'A13', 'A14', 'AG_normal_noise_1']]","[0.8714, 0.8714, 0.8768, 0.875, 0.8732]","[0.8696, 0.8696, 0.8623, 0.8623, 0.8623]"
australian,original,LGBModel,2,"[['A1', 'A2', 'A3', 'A4', 'A5', 'A6', 'A7', 'A8', 'A9', 'A10', 'A11', 'A12', 'A13', 'A14', 'AG_normal_noise_1'], ['A1', 'A3', 'A4', 'A5', 'A6', 'A7', 'A8', 'A9', 'A10', 'A11', 'A12', 'A13', 'A14', 'AG_normal_noise_1'], ['A1', 'A2', 'A3', 'A4', 'A5', 'A6', 'A7', 'A8', 'A9', 'A11', 'A12', 'A13', 'A14', 'AG_normal_noise_1'], ['A2', 'A3', 'A4', 'A5', 'A6', 'A7', 'A8', 'A9', 'A10', 'A11', 'A12', 'A13', 'A14', 'AG_normal_noise_1'], ['A1', 'A2', 'A3', 'A4', 'A5', 'A6', 'A7', 'A8', 'A10', 'A11', 'A12', 'A13', 'A14', 'AG_normal_noise_1'], ['A1', 'A2', 'A3', 'A4', 'A5', 'A6', 'A7', 'A8', 'A9', 'A10', 'A11', 'A13', 'A14', 'AG_normal_noise_1'], ['A1', 'A2', 'A3', 'A4', 'A5', 'A6', 'A7', 'A8', 'A9', 'A10', 'A12', 'A13', 'A14', 'AG_normal_noise_1'], ['A1', 'A2', 'A3', 'A4', 'A5', 'A7', 'A8', 'A9', 'A10', 'A11', 'A12', 'A13', 'A14', 'AG_normal_noise_1'], ['A1', 'A2', 'A3', 'A5', 'A6', 'A7', 'A8', 'A9', 'A10', 'A11', 'A12', 'A13', 'A14', 'AG_normal_noise_1'], ['A1', 'A2', 'A3', 'A4', 'A5', 'A6', 'A8', 'A9', 'A10', 'A11', 'A12', 'A13', 'A14', 'AG_normal_noise_1'], ['A1', 'A2', 'A3', 'A4', 'A6', 'A7', 'A8', 'A9', 'A10', 'A11', 'A12', 'A13', 'A14', 'AG_normal_noise_1']]","[0.9091, 0.8818, 0.9, 0.8909, 0.9, 0.9091, 0.9091, 0.9, 0.8818, 0.8818, 0.8727]","[0.8696, 0.8768, 0.8696, 0.8696, 0.8768, 0.8696, 0.8696, 0.8696, 0.8623, 0.8623, 0.8623]"
australian,original,BaggedLGBModel,2,"[['A1', 'A2', 'A3', 'A4', 'A5', 'A6', 'A7', 'A8', 'A9', 'A10', 'A11', 'A12', 'A13', 'A14', 'AG_normal_noise_1'], ['A1', 'A2', 'A3', 'A4', 'A5', 'A6', 'A7', 'A8', 'A9', 'A10', 'A12', 'A13', 'A14', 'AG_normal_noise_1'], ['A1', 'A2', 'A3', 'A4', 'A5', 'A7', 'A8', 'A9', 'A10', 'A12', 'A13', 'A14', 'AG_normal_noise_1'], ['A1', 'A2', 'A3', 'A5', 'A6', 'A7', 'A8', 'A9', 'A10', 'A12', 'A13', 'A14', 'AG_normal_noise_1'], ['A2', 'A3', 'A4', 'A5', 'A6', 'A7', 'A8', 'A9', 'A10', 'A12', 'A13', 'A14', 'AG_normal_noise_1'], ['A1', 'A2', 'A3', 'A4', 'A5', 'A6', 'A7', 'A8', 'A9', 'A10', 'A13', 'A14', 'AG_normal_noise_1'], ['A1', 'A2', 'A3', 'A4', 'A5', 'A6', 'A7', 'A8', 'A9', 'A12', 'A13', 'A14', 'AG_normal_noise_1'], ['A1', 'A3', 'A4', 'A5', 'A6', 'A7', 'A8', 'A9', 'A10', 'A12', 'A13', 'A14', 'AG_normal_noise_1']]","[0.8877, 0.8895, 0.8859, 0.8877, 0.8877, 0.8877, 0.8841, 0.8877]","[0.8551, 0.8551, 0.8551, 0.8551, 0.8551, 0.8551, 0.8551, 0.8623]"
australian,normal_easy,LGBModel,0,"[['noise_1', 'noise_2', 'noise_3', 'A1', 'A2', 'A3', 'A4', 'A5', 'A6', 'A7', 'A8', 'A9', 'A10', 'A11', 'A12', 'A13', 'A14', 'AG_normal_noise_1']]",[0.9],[0.8551]
australian,normal_easy,BaggedLGBModel,0,"[['noise_1', 'noise_2', 'noise_3', 'A1', 'A2', 'A3', 'A4', 'A5', 'A6', 'A7', 'A8', 'A9', 'A10', 'A11', 'A12', 'A13', 'A14', 'AG_normal_noise_1'], ['noise_1', 'noise_2', 'noise_3', 'A1', 'A2', 'A3', 'A4', 'A5', 'A6', 'A7', 'A8', 'A9', 'A10', 'A11', 'A13', 'A14', 'AG_normal_noise_1'], ['noise_1', 'noise_2', 'noise_3', 'A1', 'A2', 'A3', 'A4', 'A5', 'A6', 'A7', 'A8', 'A9', 'A10', 'A12', 'A13', 'A14', 'AG_normal_noise_1'], ['noise_1', 'noise_2', 'noise_3', 'A1', 'A2', 'A3', 'A5', 'A6', 'A7', 'A8', 'A9', 'A10', 'A12', 'A13', 'A14', 'AG_normal_noise_1'], ['noise_1', 'noise_2', 'noise_3', 'A2', 'A3', 'A4', 'A5', 'A6', 'A7', 'A8', 'A9', 'A10', 'A12', 'A13', 'A14', 'AG_normal_noise_1'], ['noise_1', 'noise_2', 'noise_3', 'A1', 'A2', 'A3', 'A4', 'A5', 'A6', 'A7', 'A8', 'A9', 'A12', 'A13', 'A14', 'AG_normal_noise_1'], ['noise_1', 'noise_2', 'A1', 'A2', 'A3', 'A4', 'A5', 'A6', 'A7', 'A8', 'A9', 'A10', 'A12', 'A13', 'A14', 'AG_normal_noise_1'], ['noise_2', 'noise_3', 'A1', 'A2', 'A3', 'A4', 'A5', 'A6', 'A7', 'A8', 'A9', 'A10', 'A12', 'A13', 'A14', 'AG_normal_noise_1']]","[0.8841, 0.8822, 0.8859, 0.8804, 0.8822, 0.8859, 0.8822, 0.8859]","[0.8623, 0.8623, 0.8623, 0.8623, 0.8623, 0.8696, 0.8623, 0.8623]"
australian,normal_easy,LGBModel,1,"[['noise_1', 'noise_2', 'noise_3', 'A1', 'A2', 'A3', 'A4', 'A5', 'A6', 'A7', 'A8', 'A9', 'A10', 'A11', 'A12', 'A13', 'A14', 'AG_normal_noise_1'], ['noise_1', 'noise_2', 'noise_3', 'A1', 'A2', 'A3', 'A4', 'A5', 'A7', 'A8', 'A9', 'A10', 'A11', 'A12', 'A13', 'A14', 'AG_normal_noise_1'], ['noise_1', 'noise_2', 'noise_3', 'A1', 'A2', 'A3', 'A5', 'A6', 'A7', 'A8', 'A9', 'A10', 'A11', 'A12', 'A13', 'A14', 'AG_normal_noise_1'], ['noise_1', 'noise_2', 'noise_3', 'A1', 'A2', 'A3', 'A4', 'A5', 'A6', 'A7', 'A8', 'A9', 'A11', 'A12', 'A13', 'A14', 'AG_normal_noise_1'], ['noise_1', 'noise_2', 'noise_3', 'A1', 'A3', 'A4', 'A5', 'A6', 'A7', 'A8', 'A9', 'A10', 'A11', 'A12', 'A13', 'A14', 'AG_normal_noise_1'], ['noise_1', 'noise_2', 'noise_3', 'A1', 'A2', 'A3', 'A4', 'A5', 'A6', 'A7', 'A8', 'A9', 'A10', 'A11', 'A13', 'A14', 'AG_normal_noise_1'], ['noise_1', 'noise_2', 'A1', 'A2', 'A3', 'A4', 'A5', 'A6', 'A7', 'A8', 'A9', 'A10', 'A11', 'A12', 'A13', 'A14', 'AG_normal_noise_1'], ['noise_1', 'noise_2', 'noise_3', 'A1', 'A2', 'A3', 'A4', 'A5', 'A6', 'A7', 'A8', 'A9', 'A10', 'A12', 'A13', 'A14', 'AG_normal_noise_1']]","[0.9, 0.9, 0.9, 0.8909, 0.8909, 0.9, 0.9, 0.9]","[0.8551, 0.8551, 0.8551, 0.8623, 0.8623, 0.8551, 0.8623, 0.8551]"
australian,normal_easy,BaggedLGBModel,1,"[['noise_1', 'noise_2', 'noise_3', 'A1', 'A2', 'A3', 'A4', 'A5', 'A6', 'A7', 'A8', 'A9', 'A10', 'A11', 'A12', 'A13', 'A14', 'AG_normal_noise_1'], ['noise_1', 'noise_2', 'noise_3', 'A1', 'A3', 'A4', 'A5', 'A6', 'A7', 'A8', 'A9', 'A10', 'A11', 'A12', 'A13', 'A14', 'AG_normal_noise_1'], ['noise_1', 'noise_2', 'noise_3', 'A3', 'A4', 'A5', 'A6', 'A7', 'A8', 'A9', 'A10', 'A11', 'A12', 'A13', 'A14', 'AG_normal_noise_1'], ['noise_1', 'noise_2', 'noise_3', 'A1', 'A3', 'A4', 'A5', 'A6', 'A7', 'A8', 'A9', 'A10', 'A11', 'A13', 'A14', 'AG_normal_noise_1'], ['noise_1', 'noise_2', 'noise_3', 'A1', 'A3', 'A4', 'A5', 'A6', 'A7', 'A8', 'A9', 'A10', 'A12', 'A13', 'A14', 'AG_normal_noise_1'], ['noise_1', 'noise_2', 'A1', 'A3', 'A4', 'A5', 'A6', 'A7', 'A8', 'A9', 'A10', 'A11', 'A12', 'A13', 'A14', 'AG_normal_noise_1'], ['noise_1', 'noise_2', 'A1', 'A3', 'A5', 'A6', 'A7', 'A8', 'A9', 'A10', 'A11', 'A12', 'A13', 'A14', 'AG_normal_noise_1'], ['noise_1', 'noise_2', 'A1', 'A3', 'A4', 'A5', 'A7', 'A8', 'A9', 'A10', 'A11', 'A12', 'A13', 'A14', 'AG_normal_noise_1']]","[0.8641, 0.8768, 0.875, 0.8732, 0.8732, 0.8822, 0.8822, 0.8696]","[0.8623, 0.8623, 0.8551, 0.8623, 0.8551, 0.8696, 0.8623, 0.8623]"
australian,normal_easy,LGBModel,2,"[['noise_1', 'noise_2', 'noise_3', 'A1', 'A2', 'A3', 'A4', 'A5', 'A6', 'A7', 'A8', 'A9', 'A10', 'A11', 'A12', 'A13', 'A14', 'AG_normal_noise_1'], ['noise_1', 'noise_2', 'A1', 'A2', 'A3', 'A4', 'A5', 'A6', 'A7', 'A8', 'A9', 'A10', 'A11', 'A12', 'A13', 'A14', 'AG_normal_noise_1'], ['noise_1', 'noise_2', 'A2', 'A3', 'A4', 'A5', 'A6', 'A7', 'A8', 'A9', 'A10', 'A11', 'A12', 'A13', 'A14', 'AG_normal_noise_1'], ['noise_1', 'A1', 'A2', 'A3', 'A4', 'A5', 'A6', 'A7', 'A8', 'A9', 'A10', 'A11', 'A12', 'A13', 'A14', 'AG_normal_noise_1'], ['noise_2', 'A1', 'A2', 'A3', 'A4', 'A5', 'A6', 'A7', 'A8', 'A9', 'A10', 'A11', 'A12', 'A13', 'A14', 'AG_normal_noise_1'], ['noise_2', 'A1', 'A2', 'A3', 'A4', 'A5', 'A6', 'A7', 'A8', 'A9', 'A10', 'A12', 'A13', 'A14', 'AG_normal_noise_1'], ['noise_2', 'A1', 'A2', 'A3', 'A4', 'A5', 'A7', 'A8', 'A9', 'A10', 'A11', 'A12', 'A13', 'A14', 'AG_normal_noise_1'], ['noise_2', 'A1', 'A2', 'A4', 'A5', 'A7', 'A8', 'A9', 'A10', 'A11', 'A12', 'A13', 'A14', 'AG_normal_noise_1'], ['noise_2', 'A1', 'A2', 'A3', 'A4', 'A5', 'A7', 'A8', 'A9', 'A10', 'A11', 'A13', 'A14', 'AG_normal_noise_1'], ['noise_2', 'A1', 'A2', 'A3', 'A5', 'A7', 'A8', 'A9', 'A10', 'A11', 'A12', 'A13', 'A14', 'AG_normal_noise_1'], ['noise_2', 'A1', 'A2', 'A3', 'A4', 'A7', 'A8', 'A9', 'A10', 'A11', 'A12', 'A13', 'A14', 'AG_normal_noise_1']]","[0.8818, 0.8909, 0.8818, 0.8909, 0.9, 0.8909, 0.9182, 0.9, 0.9182, 0.8818, 0.8909]","[0.8768, 0.8623, 0.8768, 0.8696, 0.8768, 0.8768, 0.8696, 0.8696, 0.8768, 0.8478, 0.8623]"
australian,normal_easy,BaggedLGBModel,2,"[['noise_1', 'noise_2', 'noise_3', 'A1', 'A2', 'A3', 'A4', 'A5', 'A6', 'A7', 'A8', 'A9', 'A10', 'A11', 'A12', 'A13', 'A14', 'AG_normal_noise_1'], ['noise_1', 'noise_2', 'noise_3', 'A1', 'A2', 'A3', 'A4', 'A5', 'A6', 'A7', 'A8', 'A9', 'A10', 'A11', 'A13', 'A14', 'AG_normal_noise_1'], ['noise_1', 'noise_2', 'noise_3', 'A1', 'A2', 'A3', 'A4', 'A5', 'A7', 'A8', 'A9', 'A10', 'A11', 'A12', 'A13', 'A14', 'AG_normal_noise_1'], ['noise_1', 'noise_2', 'noise_3', 'A1', 'A2', 'A3', 'A4', 'A5', 'A7', 'A8', 'A9', 'A10', 'A12', 'A13', 'A14', 'AG_normal_noise_1']]","[0.8786, 0.8786, 0.8804, 0.8822]","[0.8623, 0.8623, 0.8623, 0.8551]"
australian,normal_hard,LGBModel,0,"[['noise_1', 'noise_2', 'noise_3', 'noise_4', 'noise_5', 'noise_6', 'noise_7', 'noise_8', 'noise_9', 'noise_10', 'noise_11', 'noise_12', 'noise_13', 'noise_14', 'A1', 'A2', 'A3', 'A4', 'A5', 'A6', 'A7', 'A8', 'A9', 'A10', 'A11', 'A12', 'A13', 'A14', 'AG_normal_noise_1'], ['noise_1', 'noise_3', 'noise_4', 'noise_5', 'noise_6', 'noise_7', 'noise_8', 'noise_9', 'noise_10', 'noise_11', 'noise_12', 'noise_13', 'noise_14', 'A1', 'A2', 'A3', 'A4', 'A5', 'A6', 'A7', 'A8', 'A9', 'A10', 'A11', 'A12', 'A13', 'A14', 'AG_normal_noise_1'], ['noise_1', 'noise_2', 'noise_3', 'noise_4', 'noise_5', 'noise_6', 'noise_7', 'noise_8', 'noise_9', 'noise_10', 'noise_11', 'noise_12', 'noise_13', 'noise_14', 'A1', 'A2', 'A3', 'A4', 'A5', 'A6', 'A7', 'A8', 'A9', 'A10', 'A12', 'A13', 'A14', 'AG_normal_noise_1'], ['noise_1', 'noise_2', 'noise_3', 'noise_4', 'noise_6', 'noise_7', 'noise_8', 'noise_9', 'noise_10', 'noise_11', 'noise_12', 'noise_13', 'noise_14', 'A1', 'A2', 'A3', 'A4', 'A5', 'A6', 'A7', 'A8', 'A9', 'A10', 'A12', 'A13', 'A14', 'AG_normal_noise_1'], ['noise_1', 'noise_2', 'noise_3', 'noise_4', 'noise_5', 'noise_6', 'noise_7', 'noise_8', 'noise_9', 'noise_10', 'noise_11', 'noise_12', 'noise_13', 'noise_14', 'A2', 'A3', 'A4', 'A5', 'A6', 'A7', 'A8', 'A9', 'A10', 'A12', 'A13', 'A14', 'AG_normal_noise_1'], ['noise_2', 'noise_3', 'noise_4', 'noise_5', 'noise_6', 'noise_7', 'noise_8', 'noise_9', 'noise_10', 'noise_11', 'noise_12', 'noise_13', 'noise_14', 'A1', 'A2', 'A3', 'A4', 'A5', 'A6', 'A7', 'A8', 'A9', 'A10', 'A12', 'A13', 'A14', 'AG_normal_noise_1'], ['noise_1', 'noise_2', 'noise_3', 'noise_4', 'noise_5', 'noise_6', 'noise_7', 'noise_8', 'noise_9', 'noise_10', 'noise_11', 'noise_12', 'noise_13', 'noise_14', 'A1', 'A2', 'A3', 'A4', 'A5', 'A6', 'A7', 'A8', 'A9', 'A10', 'A13', 'A14', 'AG_normal_noise_1'], ['noise_1', 'noise_2', 'noise_3', 'noise_4', 'noise_5', 'noise_6', 'noise_7', 'noise_8', 'noise_9', 'noise_10', 'noise_11', 'noise_12', 'noise_13', 'noise_14', 'A1', 'A3', 'A4', 'A5', 'A6', 'A7', 'A8', 'A9', 'A10', 'A12', 'A13', 'A14', 'AG_normal_noise_1'], ['noise_1', 'noise_2', 'noise_3', 'noise_4', 'noise_5', 'noise_6', 'noise_7', 'noise_8', 'noise_9', 'noise_11', 'noise_12', 'noise_13', 'noise_14', 'A1', 'A2', 'A3', 'A4', 'A5', 'A6', 'A7', 'A8', 'A9', 'A10', 'A12', 'A13', 'A14', 'AG_normal_noise_1'], ['noise_1', 'noise_2', 'noise_3', 'noise_4', 'noise_5', 'noise_6', 'noise_7', 'noise_8', 'noise_9', 'noise_10', 'noise_11', 'noise_12', 'noise_13', 'A1', 'A2', 'A3', 'A4', 'A5', 'A6', 'A7', 'A8', 'A9', 'A10', 'A12', 'A13', 'A14', 'AG_normal_noise_1']]","[0.8818, 0.8818, 0.8909, 0.8909, 0.8909, 0.8909, 0.8909, 0.8818, 0.8818, 0.8818]","[0.8551, 0.8551, 0.8623, 0.8623, 0.8623, 0.8623, 0.8623, 0.8551, 0.8551, 0.8551]"
australian,normal_hard,BaggedLGBModel,0,"[['noise_1', 'noise_2', 'noise_3', 'noise_4', 'noise_5', 'noise_6', 'noise_7', 'noise_8', 'noise_9', 'noise_10', 'noise_11', 'noise_12', 'noise_13', 'noise_14', 'A1', 'A2', 'A3', 'A4', 'A5', 'A6', 'A7', 'A8', 'A9', 'A10', 'A11', 'A12', 'A13', 'A14', 'AG_normal_noise_1'], ['noise_1', 'noise_2', 'noise_4', 'noise_5', 'noise_6', 'noise_7', 'noise_8', 'noise_9', 'noise_10', 'noise_11', 'noise_12', 'noise_13', 'noise_14', 'A1', 'A2', 'A3', 'A4', 'A5', 'A6', 'A7', 'A8', 'A9', 'A10', 'A11', 'A12', 'A13', 'A14', 'AG_normal_noise_1'], ['noise_2', 'noise_3', 'noise_4', 'noise_5', 'noise_6', 'noise_7', 'noise_8', 'noise_9', 'noise_10', 'noise_11', 'noise_12', 'noise_13', 'noise_14', 'A1', 'A2', 'A3', 'A4', 'A5', 'A6', 'A7', 'A8', 'A9', 'A10', 'A11', 'A12', 'A13', 'A14', 'AG_normal_noise_1'], ['noise_1', 'noise_2', 'noise_3', 'noise_4', 'noise_5', 'noise_6', 'noise_7', 'noise_9', 'noise_10', 'noise_11', 'noise_12', 'noise_13', 'noise_14', 'A1', 'A2', 'A3', 'A4', 'A5', 'A6', 'A7', 'A8', 'A9', 'A10', 'A11', 'A12', 'A13', 'A14', 'AG_normal_noise_1'], ['noise_1', 'noise_2', 'noise_3', 'noise_4', 'noise_5', 'noise_6', 'noise_7', 'noise_8', 'noise_9', 'noise_10', 'noise_11', 'noise_12', 'noise_13', 'noise_14', 'A1', 'A2', 'A3', 'A4', 'A5', 'A6', 'A8', 'A9', 'A10', 'A11', 'A12', 'A13', 'A14', 'AG_normal_noise_1'], ['noise_1', 'noise_2', 'noise_3', 'noise_4', 'noise_5', 'noise_6', 'noise_7', 'noise_8', 'noise_9', 'noise_10', 'noise_11', 'noise_12', 'noise_14', 'A1', 'A2', 'A3', 'A4', 'A5', 'A6', 'A8', 'A9', 'A10', 'A11', 'A12', 'A13', 'A14', 'AG_normal_noise_1'], ['noise_1', 'noise_2', 'noise_3', 'noise_4', 'noise_5', 'noise_6', 'noise_7', 'noise_8', 'noise_9', 'noise_10', 'noise_11', 'noise_12', 'noise_13', 'noise_14', 'A1', 'A2', 'A3', 'A5', 'A6', 'A8', 'A9', 'A10', 'A11', 'A12', 'A13', 'A14', 'AG_normal_noise_1'], ['noise_1', 'noise_3', 'noise_4', 'noise_5', 'noise_6', 'noise_7', 'noise_8', 'noise_9', 'noise_10', 'noise_11', 'noise_12', 'noise_13', 'noise_14', 'A1', 'A2', 'A3', 'A5', 'A6', 'A8', 'A9', 'A10', 'A11', 'A12', 'A13', 'A14', 'AG_normal_noise_1'], ['noise_1', 'noise_2', 'noise_3', 'noise_4', 'noise_5', 'noise_6', 'noise_7', 'noise_8', 'noise_9', 'noise_10', 'noise_11', 'noise_12', 'noise_13', 'noise_14', 'A1', 'A2', 'A3', 'A5', 'A8', 'A9', 'A10', 'A11', 'A12', 'A13', 'A14', 'AG_normal_noise_1'], ['noise_1', 'noise_2', 'noise_3', 'noise_4', 'noise_5', 'noise_7', 'noise_8', 'noise_9', 'noise_10', 'noise_11', 'noise_12', 'noise_13', 'noise_14', 'A1', 'A2', 'A3', 'A5', 'A6', 'A8', 'A9', 'A10', 'A11', 'A12', 'A13', 'A14', 'AG_normal_noise_1'], ['noise_1', 'noise_2', 'noise_3', 'noise_4', 'noise_5', 'noise_6', 'noise_7', 'noise_8', 'noise_9', 'noise_10', 'noise_11', 'noise_12', 'noise_13', 'noise_14', 'A1', 'A2', 'A3', 'A5', 'A6', 'A8', 'A9', 'A10', 'A12', 'A13', 'A14', 'AG_normal_noise_1']]","[0.8786, 0.875, 0.8732, 0.8768, 0.8822, 0.8804, 0.8841, 0.8804, 0.8804, 0.8786, 0.8786]","[0.8623, 0.8696, 0.8623, 0.8478, 0.8696, 0.8696, 0.8478, 0.8623, 0.8623, 0.8551, 0.8696]"
australian,normal_hard,LGBModel,1,"[['noise_1', 'noise_2', 'noise_3', 'noise_4', 'noise_5', 'noise_6', 'noise_7', 'noise_8', 'noise_9', 'noise_10', 'noise_11', 'noise_12', 'noise_13', 'noise_14', 'A1', 'A2', 'A3', 'A4', 'A5', 'A6', 'A7', 'A8', 'A9', 'A10', 'A11', 'A12', 'A13', 'A14', 'AG_normal_noise_1'], ['noise_1', 'noise_2', 'noise_3', 'noise_4', 'noise_5', 'noise_6', 'noise_7', 'noise_8', 'noise_9', 'noise_10', 'noise_11', 'noise_12', 'noise_13', 'noise_14', 'A1', 'A2', 'A3', 'A4', 'A5', 'A6', 'A7', 'A8', 'A9', 'A10', 'A11', 'A13', 'A14', 'AG_normal_noise_1'], ['noise_1', 'noise_2', 'noise_3', 'noise_4', 'noise_5', 'noise_7', 'noise_8', 'noise_9', 'noise_10', 'noise_11', 'noise_12', 'noise_13', 'noise_14', 'A1', 'A2', 'A3', 'A4', 'A5', 'A6', 'A7', 'A8', 'A9', 'A10', 'A11', 'A12', 'A13', 'A14', 'AG_normal_noise_1'], ['noise_1', 'noise_2', 'noise_3', 'noise_4', 'noise_5', 'noise_6', 'noise_7', 'noise_8', 'noise_9', 'noise_10', 'noise_11', 'noise_12', 'noise_14', 'A1', 'A2', 'A3', 'A4', 'A5', 'A6', 'A7', 'A8', 'A9', 'A10', 'A11', 'A12', 'A13', 'A14', 'AG_normal_noise_1'], ['noise_1', 'noise_2', 'noise_4', 'noise_5', 'noise_6', 'noise_7', 'noise_8', 'noise_9', 'noise_10', 'noise_11', 'noise_12', 'noise_13', 'noise_14', 'A1', 'A2', 'A3', 'A4', 'A5', 'A6', 'A7', 'A8', 'A9', 'A10', 'A11', 'A12', 'A13', 'A14', 'AG_normal_noise_1'], ['noise_1', 'noise_2', 'noise_3', 'noise_4', 'noise_5', 'noise_6', 'noise_7', 'noise_8', 'noise_9', 'noise_10', 'noise_11', 'noise_12', 'noise_13', 'noise_14', 'A2', 'A3', 'A4', 'A5', 'A6', 'A7', 'A8', 'A9', 'A10', 'A11', 'A12', 'A13', 'A14', 'AG_normal_noise_1'], ['noise_1', 'noise_2', 'noise_3', 'noise_4', 'noise_5', 'noise_6', 'noise_7', 'noise_8', 'noise_9', 'noise_10', 'noise_11', 'noise_12', 'noise_13', 'noise_14', 'A1', 'A2', 'A3', 'A4', 'A5', 'A6', 'A7', 'A8', 'A9', 'A10', 'A12', 'A13', 'A14', 'AG_normal_noise_1'], ['noise_1', 'noise_2', 'noise_3', 'noise_4', 'noise_5', 'noise_6', 'noise_7', 'noise_8', 'noise_9', 'noise_10', 'noise_11', 'noise_12', 'noise_13', 'noise_14', 'A1', 'A2', 'A4', 'A5', 'A6', 'A7', 'A8', 'A9', 'A10', 'A11', 'A12', 'A13', 'A14', 'AG_normal_noise_1']]","[0.9091, 0.9091, 0.9, 0.9091, 0.9, 0.9, 0.9091, 0.9091]","[0.8551, 0.8551, 0.8623, 0.8623, 0.8623, 0.8623, 0.8551, 0.8623]"
australian,normal_hard,BaggedLGBModel,1,"[['noise_1', 'noise_2', 'noise_3', 'noise_4', 'noise_5', 'noise_6', 'noise_7', 'noise_8', 'noise_9', 'noise_10', 'noise_11', 'noise_12', 'noise_13', 'noise_14', 'A1', 'A2', 'A3', 'A4', 'A5', 'A6', 'A7', 'A8', 'A9', 'A10', 'A11', 'A12', 'A13', 'A14', 'AG_normal_noise_1'], ['noise_1', 'noise_2', 'noise_3', 'noise_4', 'noise_5', 'noise_6', 'noise_7', 'noise_8', 'noise_9', 'noise_10', 'noise_11', 'noise_12', 'noise_13', 'noise_14', 'A1', 'A3', 'A4', 'A5', 'A6', 'A7', 'A8', 'A9', 'A10', 'A11', 'A12', 'A13', 'A14', 'AG_normal_noise_1'], ['noise_1', 'noise_2', 'noise_3', 'noise_4', 'noise_5', 'noise_6', 'noise_7', 'noise_8', 'noise_9', 'noise_10', 'noise_11', 'noise_12', 'noise_13', 'noise_14', 'A1', 'A3', 'A4', 'A5', 'A6', 'A7', 'A8', 'A9', 'A10', 'A11', 'A13', 'A14', 'AG_normal_noise_1'], ['noise_1', 'noise_2', 'noise_3', 'noise_4', 'noise_5', 'noise_6', 'noise_7', 'noise_8', 'noise_9', 'noise_10', 'noise_11', 'noise_12', 'noise_13', 'noise_14', 'A3', 'A4', 'A5', 'A6', 'A7', 'A8', 'A9', 'A10', 'A11', 'A12', 'A13', 'A14', 'AG_normal_noise_1'], ['noise_1', 'noise_2', 'noise_3', 'noise_4', 'noise_5', 'noise_6', 'noise_7', 'noise_8', 'noise_9', 'noise_10', 'noise_11', 'noise_12', 'noise_13', 'noise_14', 'A1', 'A3', 'A4', 'A5', 'A7', 'A8', 'A9', 'A10', 'A11', 'A12', 'A13', 'A14', 'AG_normal_noise_1'], ['noise_1', 'noise_2', 'noise_3', 'noise_4', 'noise_5', 'noise_6', 'noise_7', 'noise_8', 'noise_9', 'noise_10', 'noise_11', 'noise_12', 'noise_13', 'noise_14', 'A1', 'A3', 'A4', 'A5', 'A7', 'A8', 'A9', 'A10', 'A12', 'A13', 'A14', 'AG_normal_noise_1']]","[0.8696, 0.8768, 0.8768, 0.8768, 0.8804, 0.8841]","[0.8768, 0.8623, 0.8623, 0.8623, 0.8696, 0.8696]"
australian,normal_hard,LGBModel,2,"[['noise_1', 'noise_2', 'noise_3', 'noise_4', 'noise_5', 'noise_6', 'noise_7', 'noise_8', 'noise_9', 'noise_10', 'noise_11', 'noise_12', 'noise_13', 'noise_14', 'A1', 'A2', 'A3', 'A4', 'A5', 'A6', 'A7', 'A8', 'A9', 'A10', 'A11', 'A12', 'A13', 'A14', 'AG_normal_noise_1'], ['noise_1', 'noise_2', 'noise_3', 'noise_4', 'noise_5', 'noise_6', 'noise_7', 'noise_8', 'noise_9', 'noise_10', 'noise_11', 'noise_12', 'noise_14', 'A1', 'A2', 'A3', 'A4', 'A5', 'A6', 'A7', 'A8', 'A9', 'A10', 'A11', 'A12', 'A13', 'A14', 'AG_normal_noise_1'], ['noise_1', 'noise_3', 'noise_4', 'noise_5', 'noise_6', 'noise_7', 'noise_8', 'noise_9', 'noise_10', 'noise_11', 'noise_12', 'noise_14', 'A1', 'A2', 'A3', 'A4', 'A5', 'A6', 'A7', 'A8', 'A9', 'A10', 'A11', 'A12', 'A13', 'A14', 'AG_normal_noise_1'], ['noise_1', 'noise_2', 'noise_3', 'noise_4', 'noise_5', 'noise_6', 'noise_7', 'noise_8', 'noise_9', 'noise_11', 'noise_12', 'noise_14', 'A1', 'A2', 'A3', 'A4', 'A5', 'A6', 'A7', 'A8', 'A9', 'A10', 'A11', 'A12', 'A13', 'A14', 'AG_normal_noise_1'], ['noise_1', 'noise_2', 'noise_3', 'noise_4', 'noise_5', 'noise_6', 'noise_7', 'noise_8', 'noise_9', 'noise_10', 'noise_11', 'noise_12', 'noise_14', 'A1', 'A2', 'A3', 'A4', 'A5', 'A7', 'A8', 'A9', 'A10', 'A11', 'A12', 'A13', 'A14', 'AG_normal_noise_1'], ['noise_1', 'noise_2', 'noise_3', 'noise_4', 'noise_5', 'noise_6', 'noise_7', 'noise_8', 'noise_9', 'noise_10', 'noise_11', 'noise_12', 'noise_14', 'A1', 'A2', 'A3', 'A4', 'A5', 'A6', 'A7', 'A8', 'A9', 'A11', 'A12', 'A13', 'A14', 'AG_normal_noise_1'], ['noise_1', 'noise_2', 'noise_3', 'noise_4', 'noise_5', 'noise_6', 'noise_7', 'noise_8', 'noise_9', 'noise_10', 'noise_11', 'noise_12', 'noise_14', 'A1', 'A3', 'A4', 'A5', 'A6', 'A7', 'A8', 'A9', 'A10', 'A11', 'A12', 'A13', 'A14', 'AG_normal_noise_1'], ['noise_1', 'noise_2', 'noise_3', 'noise_4', 'noise_5', 'noise_6', 'noise_7', 'noise_8', 'noise_9', 'noise_10', 'noise_11', 'noise_12', 'A1', 'A2', 'A3', 'A4', 'A5', 'A6', 'A7', 'A8', 'A9', 'A10', 'A11', 'A12', 'A13', 'A14', 'AG_normal_noise_1'], ['noise_1', 'noise_2', 'noise_3', 'noise_4', 'noise_5', 'noise_6', 'noise_7', 'noise_9', 'noise_10', 'noise_11', 'noise_12', 'noise_14', 'A1', 'A2', 'A3', 'A4', 'A5', 'A6', 'A7', 'A8', 'A9', 'A10', 'A11', 'A12', 'A13', 'A14', 'AG_normal_noise_1'], ['noise_1', 'noise_2', 'noise_3', 'noise_4', 'noise_5', 'noise_6', 'noise_7', 'noise_8', 'noise_9', 'noise_10', 'noise_11', 'noise_14', 'A1', 'A2', 'A3', 'A4', 'A5', 'A6', 'A7', 'A8', 'A9', 'A10', 'A11', 'A12', 'A13', 'A14', 'AG_normal_noise_1'], ['noise_1', 'noise_2', 'noise_3', 'noise_4', 'noise_5', 'noise_6', 'noise_7', 'noise_8', 'noise_9', 'noise_10', 'noise_11', 'noise_12', 'noise_14', 'A1', 'A2', 'A3', 'A4', 'A5', 'A6', 'A7', 'A8', 'A9', 'A10', 'A12', 'A13', 'A14', 'AG_normal_noise_1']]","[0.8727, 0.8818, 0.8727, 0.8636, 0.8818, 0.8636, 0.8727, 0.8727, 0.8727, 0.8818, 0.8727]","[0.8696, 0.8841, 0.8841, 0.8551, 0.8768, 0.8623, 0.8696, 0.8696, 0.8623, 0.8696, 0.8768]"
australian,normal_hard,BaggedLGBModel,2,"[['noise_1', 'noise_2', 'noise_3', 'noise_4', 'noise_5', 'noise_6', 'noise_7', 'noise_8', 'noise_9', 'noise_10', 'noise_11', 'noise_12', 'noise_13', 'noise_14', 'A1', 'A2', 'A3', 'A4', 'A5', 'A6', 'A7', 'A8', 'A9', 'A10', 'A11', 'A12', 'A13', 'A14', 'AG_normal_noise_1'], ['noise_1', 'noise_2', 'noise_3', 'noise_4', 'noise_5', 'noise_6', 'noise_7', 'noise_8', 'noise_9', 'noise_10', 'noise_11', 'noise_12', 'noise_13', 'noise_14', 'A1', 'A2', 'A3', 'A4', 'A5', 'A6', 'A7', 'A8', 'A9', 'A10', 'A11', 'A13', 'A14', 'AG_normal_noise_1'], ['noise_1', 'noise_2', 'noise_3', 'noise_4', 'noise_5', 'noise_6', 'noise_7', 'noise_8', 'noise_9', 'noise_10', 'noise_11', 'noise_12', 'noise_13', 'noise_14', 'A1', 'A2', 'A3', 'A5', 'A6', 'A7', 'A8', 'A9', 'A10', 'A11', 'A12', 'A13', 'A14', 'AG_normal_noise_1'], ['noise_2', 'noise_3', 'noise_4', 'noise_5', 'noise_6', 'noise_7', 'noise_8', 'noise_9', 'noise_10', 'noise_11', 'noise_12', 'noise_13', 'noise_14', 'A1', 'A2', 'A3', 'A5', 'A6', 'A7', 'A8', 'A9', 'A10', 'A11', 'A12', 'A13', 'A14', 'AG_normal_noise_1'], ['noise_1', 'noise_2', 'noise_3', 'noise_4', 'noise_5', 'noise_6', 'noise_7', 'noise_8', 'noise_9', 'noise_10', 'noise_11', 'noise_12', 'noise_13', 'noise_14', 'A1', 'A2', 'A3', 'A5', 'A6', 'A7', 'A8', 'A9', 'A11', 'A12', 'A13', 'A14', 'AG_normal_noise_1'], ['noise_1', 'noise_2', 'noise_3', 'noise_4', 'noise_5', 'noise_6', 'noise_7', 'noise_9', 'noise_10', 'noise_11', 'noise_12', 'noise_13', 'noise_14', 'A1', 'A2', 'A3', 'A5', 'A6', 'A7', 'A8', 'A9', 'A10', 'A11', 'A12', 'A13', 'A14', 'AG_normal_noise_1'], ['noise_1', 'noise_2', 'noise_3', 'noise_4', 'noise_5', 'noise_6', 'noise_7', 'noise_9', 'noise_10', 'noise_11', 'noise_12', 'noise_13', 'noise_14', 'A1', 'A2', 'A3', 'A5', 'A7', 'A8', 'A9', 'A10', 'A11', 'A12', 'A13', 'A14', 'AG_normal_noise_1'], ['noise_1', 'noise_2', 'noise_3', 'noise_4', 'noise_5', 'noise_6', 'noise_7', 'noise_9', 'noise_10', 'noise_11', 'noise_12', 'noise_13', 'noise_14', 'A2', 'A3', 'A5', 'A7', 'A8', 'A9', 'A10', 'A11', 'A12', 'A13', 'A14', 'AG_normal_noise_1'], ['noise_1', 'noise_2', 'noise_3', 'noise_4', 'noise_5', 'noise_6', 'noise_7', 'noise_9', 'noise_10', 'noise_11', 'noise_12', 'noise_13', 'noise_14', 'A1', 'A3', 'A5', 'A7', 'A8', 'A9', 'A10', 'A11', 'A12', 'A13', 'A14', 'AG_normal_noise_1'], ['noise_1', 'noise_2', 'noise_3', 'noise_4', 'noise_5', 'noise_6', 'noise_7', 'noise_9', 'noise_10', 'noise_11', 'noise_12', 'noise_13', 'noise_14', 'A1', 'A2', 'A3', 'A5', 'A7', 'A8', 'A9', 'A10', 'A12', 'A13', 'A14', 'AG_normal_noise_1'], ['noise_1', 'noise_2', 'noise_3', 'noise_4', 'noise_5', 'noise_6', 'noise_7', 'noise_9', 'noise_10', 'noise_11', 'noise_12', 'noise_14', 'A1', 'A2', 'A3', 'A5', 'A7', 'A8', 'A9', 'A10', 'A11', 'A12', 'A13', 'A14', 'AG_normal_noise_1']]","[0.8732, 0.8732, 0.875, 0.875, 0.8732, 0.8768, 0.8786, 0.8786, 0.8768, 0.8768, 0.8768]","[0.8623, 0.8623, 0.8623, 0.8623, 0.8768, 0.8768, 0.8768, 0.8768, 0.8768, 0.8696, 0.8768]"
covertype,original,LGBModel,0,"[['Elevation', 'Aspect', 'Slope', 'Horizontal_Distance_To_Hydrology', 'Vertical_Distance_To_Hydrology', 'Horizontal_Distance_To_Roadways', 'Hillshade_9am', 'Hillshade_Noon', 'Hillshade_3pm', 'Horizontal_Distance_To_Fire_Points', 'Wilderness_Area1', 'Wilderness_Area2', 'Wilderness_Area3', 'Wilderness_Area4', 'Soil_Type1', 'Soil_Type2', 'Soil_Type3', 'Soil_Type4', 'Soil_Type5', 'Soil_Type6', 'Soil_Type7', 'Soil_Type8', 'Soil_Type9', 'Soil_Type10', 'Soil_Type11', 'Soil_Type12', 'Soil_Type13', 'Soil_Type14', 'Soil_Type15', 'Soil_Type16', 'Soil_Type17', 'Soil_Type18', 'Soil_Type19', 'Soil_Type20', 'Soil_Type21', 'Soil_Type22', 'Soil_Type23', 'Soil_Type24', 'Soil_Type25', 'Soil_Type26', 'Soil_Type27', 'Soil_Type28', 'Soil_Type29', 'Soil_Type30', 'Soil_Type31', 'Soil_Type32', 'Soil_Type33', 'Soil_Type34', 'Soil_Type35', 'Soil_Type36', 'Soil_Type37', 'Soil_Type38', 'Soil_Type39', 'Soil_Type40', 'AG_normal_noise_1']]",[0.9674],[0.9685]
covertype,original,BaggedLGBModel,0,"[['Elevation', 'Aspect', 'Slope', 'Horizontal_Distance_To_Hydrology', 'Vertical_Distance_To_Hydrology', 'Horizontal_Distance_To_Roadways', 'Hillshade_9am', 'Hillshade_Noon', 'Hillshade_3pm', 'Horizontal_Distance_To_Fire_Points', 'Wilderness_Area1', 'Wilderness_Area2', 'Wilderness_Area3', 'Wilderness_Area4', 'Soil_Type1', 'Soil_Type2', 'Soil_Type3', 'Soil_Type4', 'Soil_Type5', 'Soil_Type6', 'Soil_Type7', 'Soil_Type8', 'Soil_Type9', 'Soil_Type10', 'Soil_Type11', 'Soil_Type12', 'Soil_Type13', 'Soil_Type14', 'Soil_Type15', 'Soil_Type16', 'Soil_Type17', 'Soil_Type18', 'Soil_Type19', 'Soil_Type20', 'Soil_Type21', 'Soil_Type22', 'Soil_Type23', 'Soil_Type24', 'Soil_Type25', 'Soil_Type26', 'Soil_Type27', 'Soil_Type28', 'Soil_Type29', 'Soil_Type30', 'Soil_Type31', 'Soil_Type32', 'Soil_Type33', 'Soil_Type34', 'Soil_Type35', 'Soil_Type36', 'Soil_Type37', 'Soil_Type38', 'Soil_Type39', 'Soil_Type40', 'AG_normal_noise_1']]",[0.9682],[0.9713]
